{"cameraMode":{"drawMode":0,"name":"Shaded","section":"Shading Mode"},"sceneLighting":true,"audioPlay":false,"sceneViewState":{"showFog":true,"showMaterialUpdate":true,"showSkybox":true,"showFlares":true,"showImageEffects":true,"showParticleSystems":true},"in2DMode":false,"pivot":{"x":32.049556732177737,"y":3.2176096439361574,"z":-5.368492126464844},"rotation":{"x":-0.18668922781944276,"y":-0.014293544925749302,"z":0.003571879118680954,"w":-0.9823724031448364},"size":3.735346555709839,"orthographic":false}