{"cameraMode":{"drawMode":0,"name":"Shaded","section":"Shading Mode"},"sceneLighting":false,"audioPlay":false,"sceneViewState":{"showFog":true,"showMaterialUpdate":true,"showSkybox":false,"showFlares":true,"showImageEffects":true,"showParticleSystems":true},"in2DMode":false,"pivot":{"x":513.3999633789063,"y":368.0400085449219,"z":0.0},"rotation":{"x":0.29516559839248659,"y":0.061629265546798709,"z":-0.019915910437703134,"w":0.9533089995384216},"size":796.528564453125,"orthographic":false}