{"cameraMode":{"drawMode":0,"name":"Shaded","section":"Shading Mode"},"sceneLighting":false,"audioPlay":false,"sceneViewState":{"showFog":true,"showMaterialUpdate":true,"showSkybox":false,"showFlares":true,"showImageEffects":true,"showParticleSystems":true},"in2DMode":false,"pivot":{"x":-4.451407432556152,"y":0.0,"z":-2.9671080112457277},"rotation":{"x":-0.23602522909641267,"y":0.4066528379917145,"z":-0.10860280692577362,"w":-0.8759181499481201},"size":17.959672927856447,"orthographic":false}