{"cameraMode":{"drawMode":0,"name":"Shaded","section":"Shading Mode"},"sceneLighting":false,"audioPlay":false,"sceneViewState":{"showFog":true,"showMaterialUpdate":true,"showSkybox":false,"showFlares":true,"showImageEffects":true,"showParticleSystems":true},"in2DMode":false,"pivot":{"x":-0.7990000247955322,"y":0.8009999990463257,"z":-7.655000686645508},"rotation":{"x":-0.04480874165892601,"y":-0.9365992546081543,"z":0.13353346288204194,"w":-0.32096874713897707},"size":3.735346555709839,"orthographic":false}